<?xml version="1.0" encoding="utf-8" standalone="no"?>
<!-- This is a SCORM 2004 manifest file, created 1/11/2020 4:06:32 PM by Dasha using CourseLab 190608 -->
<manifest identifier="MANIFEST-7F7F26B0_E39F_416D_9B59_717A2F39111E" version="1.0" xmlns="http://www.imsglobal.org/xsd/imscp_v1p1" xmlns:adlcp="http://www.adlnet.org/xsd/adlcp_v1p3" xmlns:adlseq="http://www.adlnet.org/xsd/adlseq_v1p3" xmlns:adlnav="http://www.adlnet.org/xsd/adlnav_v1p3" xmlns:imsss="http://www.imsglobal.org/xsd/imsss" xmlns:xsi="http://www.w3.org/2001/XMLSchema-instance" xsi:schemaLocation="http://www.imsglobal.org/xsd/imscp_v1p1 imscp_v1p1.xsd http://www.adlnet.org/xsd/adlseq_v1p3 adlseq_v1p3.xsd http://www.adlnet.org/xsd/adlnav_v1p3 adlnav_v1p3.xsd http://www.adlnet.org/xsd/adlcp_v1p3 adlcp_v1p3.xsd http://www.imsglobal.org/xsd/imsss imsss_v1p0.xsd">
<metadata>
<schema>ADL SCORM</schema>
<schemaversion>2004 4th Edition</schemaversion>
</metadata>
<organizations default="EM_1">
<organization identifier="EM_1">
<title>Исследование веб-технологий email-рассылок</title>
<imsss:sequencing>
<imsss:controlMode choice="true" flow="true"/>
</imsss:sequencing>
<item identifier="EM_01" identifierref="RES1" parameters="?width=1018&amp;height=682">
<title>Свойства email-рассылки</title>
</item>
</organization>
</organizations>
<resources>
<resource identifier="RESCOURSEIMAGES" adlcp:scormType="asset" type="webcontent">
<file href="courseimages/1blank.gif"/>
<file href="courseimages/cl-fonts.css"/>
<file href="courseimages/cl.js"/>
<file href="courseimages/click1.mp3"/>
<file href="courseimages/click1.ogg"/>
<file href="courseimages/click1.swf"/>
<file href="courseimages/click2.mp3"/>
<file href="courseimages/click2.ogg"/>
<file href="courseimages/click2.swf"/>
<file href="courseimages/click3.mp3"/>
<file href="courseimages/click3.ogg"/>
<file href="courseimages/click3.swf"/>
<file href="courseimages/click4.mp3"/>
<file href="courseimages/click4.ogg"/>
<file href="courseimages/click4.swf"/>
<file href="courseimages/courselab.css"/>
<file href="courseimages/courselab.js"/>
<file href="courseimages/cursor_arrow.png"/>
<file href="courseimages/cursor_click.png"/>
<file href="courseimages/dummy.swf"/>
<file href="courseimages/failure1.mp3"/>
<file href="courseimages/failure1.ogg"/>
<file href="courseimages/failure1.swf"/>
<file href="courseimages/failure2.mp3"/>
<file href="courseimages/failure2.ogg"/>
<file href="courseimages/failure2.swf"/>
<file href="courseimages/failure3.mp3"/>
<file href="courseimages/failure3.ogg"/>
<file href="courseimages/failure3.swf"/>
<file href="courseimages/failure4.mp3"/>
<file href="courseimages/failure4.ogg"/>
<file href="courseimages/failure4.swf"/>
<file href="courseimages/jquery-ui.js"/>
<file href="courseimages/jquery.addons.js"/>
<file href="courseimages/jquery.js"/>
<file href="courseimages/legacy.js"/>
<file href="courseimages/lms.js"/>
<file href="courseimages/over1.mp3"/>
<file href="courseimages/over1.ogg"/>
<file href="courseimages/over1.swf"/>
<file href="courseimages/over2.mp3"/>
<file href="courseimages/over2.ogg"/>
<file href="courseimages/over2.swf"/>
<file href="courseimages/over3.mp3"/>
<file href="courseimages/over3.ogg"/>
<file href="courseimages/over3.swf"/>
<file href="courseimages/over4.mp3"/>
<file href="courseimages/over4.ogg"/>
<file href="courseimages/over4.swf"/>
<file href="courseimages/progress.gif"/>
<file href="courseimages/success1.mp3"/>
<file href="courseimages/success1.ogg"/>
<file href="courseimages/success1.swf"/>
<file href="courseimages/success2.mp3"/>
<file href="courseimages/success2.ogg"/>
<file href="courseimages/success2.swf"/>
<file href="courseimages/success3.mp3"/>
<file href="courseimages/success3.ogg"/>
<file href="courseimages/success3.swf"/>
<file href="courseimages/success4.mp3"/>
<file href="courseimages/success4.ogg"/>
<file href="courseimages/success4.swf"/>
<file href="courseimages/webfonts/Open/opensans_regular/OpenSans-Regular-webfont.eot"/>
<file href="courseimages/webfonts/Open/opensans_regular/OpenSans-Regular-webfont.svg"/>
<file href="courseimages/webfonts/Open/opensans_regular/OpenSans-Regular-webfont.ttf"/>
<file href="courseimages/webfonts/Open/opensans_regular/OpenSans-Regular-webfont.woff"/>
<file href="courseimages/webfonts/Open/opensans_semibold/OpenSans-Semibold-webfont.eot"/>
<file href="courseimages/webfonts/Open/opensans_semibold/OpenSans-Semibold-webfont.svg"/>
<file href="courseimages/webfonts/Open/opensans_semibold/OpenSans-Semibold-webfont.ttf"/>
<file href="courseimages/webfonts/Open/opensans_semibold/OpenSans-Semibold-webfont.woff"/>
<file href="courseimages/webfonts/Open_Font_Family_Apache_License.txt"/>
<file href="courseimages/webfonts/Roboto/roboto_black/Roboto-Black-webfont.eot"/>
<file href="courseimages/webfonts/Roboto/roboto_black/Roboto-Black-webfont.svg"/>
<file href="courseimages/webfonts/Roboto/roboto_black/Roboto-Black-webfont.ttf"/>
<file href="courseimages/webfonts/Roboto/roboto_black/Roboto-Black-webfont.woff"/>
<file href="courseimages/webfonts/Roboto/roboto_medium/Roboto-Medium-webfont.eot"/>
<file href="courseimages/webfonts/Roboto/roboto_medium/Roboto-Medium-webfont.svg"/>
<file href="courseimages/webfonts/Roboto/roboto_medium/Roboto-Medium-webfont.ttf"/>
<file href="courseimages/webfonts/Roboto/roboto_medium/Roboto-Medium-webfont.woff"/>
<file href="courseimages/webfonts/Roboto/roboto_regular/Roboto-Regular-webfont.eot"/>
<file href="courseimages/webfonts/Roboto/roboto_regular/Roboto-Regular-webfont.svg"/>
<file href="courseimages/webfonts/Roboto/roboto_regular/Roboto-Regular-webfont.ttf"/>
<file href="courseimages/webfonts/Roboto/roboto_regular/Roboto-Regular-webfont.woff"/>
<file href="courseimages/webfonts/Roboto_Font_Family_Apache_License.txt"/>
</resource>
<resource identifier="RES1" adlcp:scormType="sco" href="1/start.html" type="webcontent">
<file href="1/module.js"/>
<file href="1/start.html"/>
<file href="1/splash.xml"/>
<file href="1/runtime.xml"/>
<file href="1/images/adaptive.gif"/>
<file href="1/images/clip20200108.png"/>
<file href="1/images/clip20200108_1.png"/>
<file href="1/images/clip20200108_10.png"/>
<file href="1/images/clip20200108_11.png"/>
<file href="1/images/clip20200108_12.png"/>
<file href="1/images/clip20200108_13.png"/>
<file href="1/images/clip20200108_14.png"/>
<file href="1/images/clip20200108_15.png"/>
<file href="1/images/clip20200108_16.png"/>
<file href="1/images/clip20200108_3.png"/>
<file href="1/images/clip20200108_4.png"/>
<file href="1/images/clip20200108_5.png"/>
<file href="1/images/clip20200108_6.png"/>
<file href="1/images/clip20200108_7.png"/>
<file href="1/images/clip20200108_8.png"/>
<file href="1/images/clip20200108_9.png"/>
<file href="1/images/course.css"/>
<file href="1/images/media_0003_03.png"/>
<file href="1/images/media_0003_05_0.gif"/>
<file href="1/images/media_0003_05_1.gif"/>
<file href="1/images/media_0003_05_2.gif"/>
<file href="1/images/media_0003_06_0.gif"/>
<file href="1/images/media_0003_06_1.gif"/>
<file href="1/images/media_0003_06_2.gif"/>
<file href="1/images/media_0003_07_0.gif"/>
<file href="1/images/media_0003_07_1.gif"/>
<file href="1/images/media_0003_07_2.gif"/>
<file href="1/images/media_0003_08_0.gif"/>
<file href="1/images/media_0003_08_1.gif"/>
<file href="1/images/media_0003_08_2.gif"/>
<file href="1/images/media_0003_10_0.gif"/>
<file href="1/images/media_0003_10_1.gif"/>
<file href="1/images/media_0003_10_2.gif"/>
<file href="1/images/media_0003_11_0.gif"/>
<file href="1/images/media_0003_11_1.gif"/>
<file href="1/images/media_0003_11_2.gif"/>
<file href="1/images/nav_0002_navi_win/navi_tab_contents_sprite.png"/>
<file href="1/images/Stripo-Mass-Email-in-Gmail-Featured-Image.jpg"/>
<dependency identifierref="RESCOURSEIMAGES"/>
</resource>
</resources>
</manifest>