<?xml version="1.0" encoding="utf-8"?>
<!-- Splash screen file, saved 1/8/2020 8:49:30 PM using CourseLab 190608 -->
<splash>
<settings>
<showsplash>yes</showsplash>
<fitwindow>no</fitwindow>
<fit_small_window>yes</fit_small_window>
</settings>
<data>
<![CDATA[<img src="images/Stripo-Mass-Email-in-Gmail-Featured-Image.jpg" style="position:absolute;left:0px;top:322px;width:1019px;height:362px;"/><div style="position: absolute; left: 0px; top: 284px; width: 1021px; height: 61px;"><div style="position: absolute; width: 1021px; height: 61px; -webkit-touch-callout: none; -webkit-user-select: none; -khtml-user-select: none; -moz-user-select: none; -ms-user-select: none; user-select: none;" title="НАЧАТЬ" ><div id="MD3_TTL_BTN_BTN" style="cursor: pointer; position: relative; left: 0; top: 0; box-sizing: border-box; width: 1021px; height: 61px; border-style: solid; border-width: 1px; border-color: #A63334; -o-box-shadow: 2px 2px 6px rgba(102,102,102,0.66);-ms-box-shadow: 2px 2px 6px rgba(102,102,102,0.66);-moz-box-shadow: 2px 2px 6px rgba(102,102,102,0.66); -webkit-box-shadow: 2px 2px 6px rgba(102,102,102,0.66); box-shadow: 2px 2px 6px rgba(102,102,102,0.66);border-color: #A63334; background-color: #F23631;background-image: -o-linear-gradient(90deg, #F23631 0%, #FFBAB8 100%); background-image: -ms-linear-gradient(90deg, #F23631 0%, #FFBAB8 100%); background-image: -moz-linear-gradient(90deg, #F23631 0%, #FFBAB8 100%); background-image: -webkit-linear-gradient(90deg, #F23631 0%, #FFBAB8 100%); background-image: linear-gradient(0deg, #F23631 0%, #FFBAB8 100%);" onmouseover="this.setAttribute('style', this.getAttribute('data-style-over'));" onmouseout="this.setAttribute('style', this.getAttribute('data-style-idle'));" onclick="CL.Start(); return false;" data-style-idle="cursor: pointer; position: relative; left: 0; top: 0; box-sizing: border-box; width: 1021px; height: 61px; border-style: solid; border-width: 1px; border-color: #A63334; -o-box-shadow: 2px 2px 6px rgba(102,102,102,0.66);-ms-box-shadow: 2px 2px 6px rgba(102,102,102,0.66);-moz-box-shadow: 2px 2px 6px rgba(102,102,102,0.66); -webkit-box-shadow: 2px 2px 6px rgba(102,102,102,0.66); box-shadow: 2px 2px 6px rgba(102,102,102,0.66);border-color: #A63334; background-color: #F23631;background-image: -o-linear-gradient(90deg, #F23631 0%, #FFBAB8 100%); background-image: -ms-linear-gradient(90deg, #F23631 0%, #FFBAB8 100%); background-image: -moz-linear-gradient(90deg, #F23631 0%, #FFBAB8 100%); background-image: -webkit-linear-gradient(90deg, #F23631 0%, #FFBAB8 100%); background-image: linear-gradient(0deg, #F23631 0%, #FFBAB8 100%);" data-style-over="cursor: pointer; position: relative; left: 0; top: 0; box-sizing: border-box; width: 1021px; height: 61px; border-style: solid; border-width: 1px; border-color: #A63334; -o-box-shadow: 2px 2px 6px rgba(102,102,102,0.66);-ms-box-shadow: 2px 2px 6px rgba(102,102,102,0.66);-moz-box-shadow: 2px 2px 6px rgba(102,102,102,0.66); -webkit-box-shadow: 2px 2px 6px rgba(102,102,102,0.66); box-shadow: 2px 2px 6px rgba(102,102,102,0.66);border-color: #A63334; background-color: #F23631;background-image: -o-linear-gradient(270deg, #F23631 0%, #FFBAB8 100%); background-image: -ms-linear-gradient(270deg, #F23631 0%, #FFBAB8 100%); background-image: -moz-linear-gradient(270deg, #F23631 0%, #FFBAB8 100%); background-image: -webkit-linear-gradient(270deg, #F23631 0%, #FFBAB8 100%); background-image: linear-gradient(180deg, #F23631 0%, #FFBAB8 100%);"><div id="MD3_TTL_BTN_BTN_BG" style="position: relative; padding: 0; margin: 0; width: 1019px; height: 59px; "><table id="MD3_TTL_BTN_BTN_TABLE" style="border-spacing: 0; width: 1019px; height: 59px;"><tr><td id="MD3_TTL_BTN_BTN_TABLE_CONTENT" style="text-align: center; vertical-align: middle; padding: 0; text-shadow: 1px 1px 2px rgba(255,255,255,0.66); width: 1019px; height: 59px; font-family: open_sanssemibold, Arial, sans-serif; font-size: 18px; color: #000000; ">НАЧАТЬ</td></tr></table></div></div></div></div><div style="position: absolute; box-sizing: border-box; left: 46px; top: 142px; width: 942px; height: 130px;"><p style="text-align: center;"><span style="font-size:36px;"><strong><span style="font-family: open_sansregular, Arial, sans-serif; color: rgb(0, 0, 0);">Исследование веб-технологий email-рассылок</span></strong></span></p></div><div style="position: absolute; box-sizing: border-box; left: 363px; top: 204px; width: 300px; height: 50px;"><span style="font-size:22px;"><span style="font-family: open_sansregular, arial, sans-serif; font-style: normal; font-variant: normal; line-height: 21.600000381469727px;">Автор - Дарья Каракетова</span></span></div>]]>
</data>
</splash>
