<?xml version="1.0" encoding="UTF-8"?><!--
'*	basic_list.xml
'* 	CourseLab 3.0
'*	Copyright (c) Websoft Ltd., Russia.  All rights reserved.
--><params>
	<object>
		<format>3.0</format>
		<label>Анимированный список</label>
		<width>400</width>
		<height>200</height>
		<description>Список с поэлементным показом</description>
		<default_color_bg>bg_color</default_color_bg>
		<default_color_border>border_color</default_color_border>
		<theme>theme</theme>
		<state_extension>false</state_extension>
	</object>
	<page name="Основные" w="320" h="260">
		<param type="label" text="Список элементов" x="10" y="10" w="120" h="13"/>
		<param type="list" id="list" text="" def="yes" x="10" y="8" w="300" h="90">
			<page w="320" h="130" name="Элемент">
				<param type="label" id="lab_itemtext" text="Текст" x="10" y="10" w="120" h="13"/>
				<param type="textedit" id="itemtext" text="Текст" def="Текст по умолчанию" x="130" y="8" w="163" h="13"/>
				<param type="label" id="lab_custom_params" text="Параметры элемента" x="10" y="26" w="240" h="13"/>
				<param type="line" id="line_1" x="8" y="40" w="304" h="1"/>

				<param type="label" id="lab_item_colors" text="Цвета" def="" x="10" y="44" w="120" h="13"/>
				<param type="color" id="item_bg_color" text="" def="#FFFFFF" x="130" y="42" w="40" h="13" listcolumn="0"/>
				<param type="color" id="item_header_color" text="" def="#B9DCFF" x="190" y="42" w="40" h="13" listcolumn="0"/>
				<param type="color" id="item_border_color" text="" def="#0080C0" x="250" y="42" w="40" h="13" listcolumn="0"/>

				<param type="label" id="lab_item_border_style" text="Граница: стиль, толщина" def="" x="10" y="60" w="120" h="13"/>
				<param type="select" id="item_border_style" text="" def="ridge" x="130" y="58" w="88" h="13" listcolumn="0">
					<items>
						<item id="none" label="Без границы"/>
						<item id="solid" label="Сплошная"/>
						<item id="dotted" label="Точечная"/>
						<item id="dashed" label="Пунктирная"/>
						<item id="double" label="Двойная"/>
						<item id="ridge" label="Гребень"/>
						<item id="groove" label="Канавка"/>
						<item id="inset" label="Поднимающаяся"/>
						<item id="outset" label="Опускающаяся"/>
					</items>
				</param>
				<param type="spinner" id="item_border_width" text="" def="1" x="220" y="58" w="32" h="13" listcolumn="0" min="0" max="99"/>
				<param type="label" id="lab_item_border_width_px" text="пкс" def="" x="255" y="60" w="30" h="13"/>

				<param type="label" id="lab_item_radius" text="Радиус, отбивка" x="10" y="76" w="120" h="13"/>
				<param type="spinner" id="item_border_radius" text="" def="10" x="130" y="74" w="32" h="13" listcolumn="0" min="0" max="49"/>
				<param type="label" id="lab_item_border_radius_px" text="пкс" x="165" y="76" w="30" h="13"/>
				<param type="spinner" id="item_padding" text="" def="6" x="220" y="74" w="32" h="13" listcolumn="0" min="0" max="99"/>
				<param type="label" id="lab_item_padding_px" text="пкс" def="" x="255" y="76" w="30" h="13"/>

				<param type="label" id="lab_symbol_custom" text="Символ" def="" x="10" y="92" w="120" h="13"/>
				<param type="select" id="item_symbol_custom" text="" def="ok" x="130" y="90" w="118" h="13" listcolumn="0">
					<items>
						<item id="none" label="Без символа">
							<events>
								<event name="selendok" target="item_symbol_custom_color" action="disable"/>
								<event name="selendok" target="lab_item_symbol_custom_image" action="disable"/>
								<event name="selendok" target="item_symbol_custom_image" action="disable"/>
							</events>
						</item>
						<item id="ok" label="Галка простая">
							<events>
								<event name="selendok" target="item_symbol_custom_color" action="enable"/>
								<event name="selendok" target="lab_item_symbol_custom_image" action="disable"/>
								<event name="selendok" target="item_symbol_custom_image" action="disable"/>
							</events>
						</item>
						<item id="checkmark" label="Галка жирная">
							<events>
								<event name="selendok" target="item_symbol_custom_color" action="enable"/>
								<event name="selendok" target="lab_item_symbol_custom_image" action="disable"/>
								<event name="selendok" target="item_symbol_custom_image" action="disable"/>
							</events>
						</item>
						<item id="cross" label="Крест">
							<events>
								<event name="selendok" target="item_symbol_custom_color" action="enable"/>
								<event name="selendok" target="lab_item_symbol_custom_image" action="disable"/>
								<event name="selendok" target="item_symbol_custom_image" action="disable"/>
							</events>
						</item>
						<item id="bullet" label="Диск">
							<events>
								<event name="selendok" target="item_symbol_custom_color" action="enable"/>
								<event name="selendok" target="lab_item_symbol_custom_image" action="disable"/>
								<event name="selendok" target="item_symbol_custom_image" action="disable"/>
							</events>
						</item>
						<item id="star" label="Звезда">
							<events>
								<event name="selendok" target="item_symbol_custom_color" action="enable"/>
								<event name="selendok" target="lab_item_symbol_custom_image" action="disable"/>
								<event name="selendok" target="item_symbol_custom_image" action="disable"/>
							</events>
						</item>
						<item id="heart" label="Сердце">
							<events>
								<event name="selendok" target="item_symbol_custom_color" action="enable"/>
								<event name="selendok" target="lab_item_symbol_custom_image" action="disable"/>
								<event name="selendok" target="item_symbol_custom_image" action="disable"/>
							</events>
						</item>
						<item id="number" label="Порядковый номер">
							<events>
								<event name="selendok" target="item_symbol_custom_color" action="enable"/>
								<event name="selendok" target="lab_item_symbol_custom_image" action="disable"/>
								<event name="selendok" target="item_symbol_custom_image" action="disable"/>
							</events>
						</item>
						<item id="q" label="Знак вопроса">
							<events>
								<event name="selendok" target="item_symbol_custom_color" action="enable"/>
								<event name="selendok" target="lab_item_symbol_custom_image" action="disable"/>
								<event name="selendok" target="item_symbol_custom_image" action="disable"/>
							</events>
						</item>
						<item id="att" label="Восклицание">
							<events>
								<event name="selendok" target="item_symbol_custom_color" action="enable"/>
								<event name="selendok" target="lab_item_symbol_custom_image" action="disable"/>
								<event name="selendok" target="item_symbol_custom_image" action="disable"/>
							</events>
						</item>
						<item id="bomb" label="Бомба">
							<events>
								<event name="selendok" target="item_symbol_custom_color" action="enable"/>
								<event name="selendok" target="lab_item_symbol_custom_image" action="disable"/>
								<event name="selendok" target="item_symbol_custom_image" action="disable"/>
							</events>
						</item>
						<item id="eye" label="Глаз">
							<events>
								<event name="selendok" target="item_symbol_custom_color" action="enable"/>
								<event name="selendok" target="lab_item_symbol_custom_image" action="disable"/>
								<event name="selendok" target="item_symbol_custom_image" action="disable"/>
							</events>
						</item>
						<item id="pointer" label="Указатель">
							<events>
								<event name="selendok" target="item_symbol_custom_color" action="enable"/>
								<event name="selendok" target="lab_item_symbol_custom_image" action="disable"/>
								<event name="selendok" target="item_symbol_custom_image" action="disable"/>
							</events>
						</item>
						<item id="in" label="Инь-Янь">
							<events>
								<event name="selendok" target="item_symbol_custom_color" action="enable"/>
								<event name="selendok" target="lab_item_symbol_custom_image" action="disable"/>
								<event name="selendok" target="item_symbol_custom_image" action="disable"/>
							</events>
						</item>
						<item id="drop" label="Капля">
							<events>
								<event name="selendok" target="item_symbol_custom_color" action="enable"/>
								<event name="selendok" target="lab_item_symbol_custom_image" action="disable"/>
								<event name="selendok" target="item_symbol_custom_image" action="disable"/>
							</events>
						</item>
						<item id="frown" label="Огорчение">
							<events>
								<event name="selendok" target="item_symbol_custom_color" action="enable"/>
								<event name="selendok" target="lab_item_symbol_custom_image" action="disable"/>
								<event name="selendok" target="item_symbol_custom_image" action="disable"/>
							</events>
						</item>
						<item id="snow" label="Снежинка">
							<events>
								<event name="selendok" target="item_symbol_custom_color" action="enable"/>
								<event name="selendok" target="lab_item_symbol_custom_image" action="disable"/>
								<event name="selendok" target="item_symbol_custom_image" action="disable"/>
							</events>
						</item>
						<item id="smile" label="Улыбка">
							<events>
								<event name="selendok" target="item_symbol_custom_color" action="enable"/>
								<event name="selendok" target="lab_item_symbol_custom_image" action="disable"/>
								<event name="selendok" target="item_symbol_custom_image" action="disable"/>
							</events>
						</item>
						<item id="scull" label="Череп">
							<events>
								<event name="selendok" target="item_symbol_custom_color" action="enable"/>
								<event name="selendok" target="lab_item_symbol_custom_image" action="disable"/>
								<event name="selendok" target="item_symbol_custom_image" action="disable"/>
							</events>
						</item>
						<item id="nav" label="Штурвал">
							<events>
								<event name="selendok" target="item_symbol_custom_color" action="enable"/>
								<event name="selendok" target="lab_item_symbol_custom_image" action="disable"/>
								<event name="selendok" target="item_symbol_custom_image" action="disable"/>
							</events>
						</item>
						<item id="plus" label="Плюс">
							<events>
								<event name="selendok" target="item_symbol_custom_color" action="enable"/>
								<event name="selendok" target="lab_item_symbol_custom_image" action="disable"/>
								<event name="selendok" target="item_symbol_custom_image" action="disable"/>
							</events>
						</item>
						<item id="minus" label="Минус">
							<events>
								<event name="selendok" target="item_symbol_custom_color" action="enable"/>
								<event name="selendok" target="lab_item_symbol_custom_image" action="disable"/>
								<event name="selendok" target="item_symbol_custom_image" action="disable"/>
							</events>
						</item>
						<item id="arrow" label="Стрелка">
							<events>
								<event name="selendok" target="item_symbol_custom_color" action="enable"/>
								<event name="selendok" target="lab_item_symbol_custom_image" action="disable"/>
								<event name="selendok" target="item_symbol_custom_image" action="disable"/>
							</events>
						</item>
						<item id="doublearrow" label="Двойная стрелка">
							<events>
								<event name="selendok" target="item_symbol_custom_color" action="enable"/>
								<event name="selendok" target="lab_item_symbol_custom_image" action="disable"/>
								<event name="selendok" target="item_symbol_custom_image" action="disable"/>
							</events>
						</item>
						<item id="diamonds1" label="Ромбы 1">
							<events>
								<event name="selendok" target="item_symbol_custom_color" action="enable"/>
								<event name="selendok" target="lab_item_symbol_custom_image" action="disable"/>
								<event name="selendok" target="item_symbol_custom_image" action="disable"/>
							</events>
						</item>
						<item id="diamonds2" label="Ромбы 2">
							<events>
								<event name="selendok" target="item_symbol_custom_color" action="enable"/>
								<event name="selendok" target="lab_item_symbol_custom_image" action="disable"/>
								<event name="selendok" target="item_symbol_custom_image" action="disable"/>
							</events>
						</item>
						<item id="flower" label="Цветок">
							<events>
								<event name="selendok" target="item_symbol_custom_color" action="enable"/>
								<event name="selendok" target="lab_item_symbol_custom_image" action="disable"/>
								<event name="selendok" target="item_symbol_custom_image" action="disable"/>
							</events>
						</item>
						<item id="block" label="Блок">
							<events>
								<event name="selendok" target="item_symbol_custom_color" action="enable"/>
								<event name="selendok" target="lab_item_symbol_custom_image" action="disable"/>
								<event name="selendok" target="item_symbol_custom_image" action="disable"/>
							</events>
						</item>
						<item id="balloon" label="Выноска">
							<events>
								<event name="selendok" target="item_symbol_custom_color" action="enable"/>
								<event name="selendok" target="lab_item_symbol_custom_image" action="disable"/>
								<event name="selendok" target="item_symbol_custom_image" action="disable"/>
							</events>
						</item>
						<item id="alert" label="Знак Внимание *">
							<events>
								<event name="selendok" target="item_symbol_custom_color" action="disable"/>
								<event name="selendok" target="lab_item_symbol_custom_image" action="disable"/>
								<event name="selendok" target="item_symbol_custom_image" action="disable"/>
							</events>
						</item>
						<item id="custom_img" label="Картинка по выбору">
							<events>
								<event name="selend" target="item_symbol_custom_color" action="enable"/>
								<event name="selend" target="lab_item_symbol_custom_image" action="disable"/>
								<event name="selend" target="item_symbol_custom_image" action="disable"/>
								<event name="selendok" target="item_symbol_custom_color" action="disable"/>
								<event name="selendok" target="lab_item_symbol_custom_image" action="enable"/>
								<event name="selendok" target="item_symbol_custom_image" action="enable"/>
							</events>
						</item>
					</items>
				</param>
				<param type="color" id="item_symbol_custom_color" text="" def="#006600" x="250" y="90" w="40" h="13" listcolumn="0"/>
				<param type="label" id="lab_item_symbol_custom_image" text="Файл картинки" x="10" y="108" w="120" h="13"/>
				<param type="file" id="item_symbol_custom_image" listcolumn="0" text="" def="" x="130" y="106" w="163" h="13" ext="Картинки (*.png;*.jpg;*.jpeg;*.gif)|*.png;*.jpg;*.jpeg;*.gif|PNG (*.png)|*.png|JPEG (*.jpg;*.jpeg)|*.jpg;*.jpeg|GIF (*.gif)|*.gif|Все файлы (*.*)|*.*|||"/>
				
			</page>
		</param>
		<param type="label" id="lab_theme" text="Тема" def="" x="10" y="106" w="120" h="13"/>
		<param type="select" id="theme" text="" def="light" x="130" y="104" w="180" h="13">
			<items>
				<item id="simple" label="Простая">
					<events>
						<event name="selendok" target="lab_common_colors" action="enable"/>
						<event name="selendok" target="header_color" action="disable"/>
						<event name="selendok" target="bg_color" action="enable"/>
						<event name="selendok" target="border_color" action="enable"/>
						<event name="selendok" target="fs_border_1" action="disable"/>
						<event name="selendok" target="fs_border_2" action="disable"/>
					</events>
				</item>
				<item id="light" label="Легкая">
					<events>
						<event name="selendok" target="lab_common_colors" action="enable"/>
						<event name="selendok" target="header_color" action="enable"/>
						<event name="selendok" target="bg_color" action="enable"/>
						<event name="selendok" target="border_color" action="enable"/>
						<event name="selendok" target="fs_border_1" action="disable"/>
						<event name="selendok" target="fs_border_2" action="disable"/>
					</events>
				</item>
				<item id="standard" label="Стандартная">
					<events>
						<event name="selendok" target="lab_common_colors" action="enable"/>
						<event name="selendok" target="header_color" action="enable"/>
						<event name="selendok" target="bg_color" action="enable"/>
						<event name="selendok" target="border_color" action="enable"/>
						<event name="selendok" target="fs_border_1" action="disable"/>
						<event name="selendok" target="fs_border_2" action="disable"/>
					</events>
				</item>
				<item id="curve" label="Выпуклая">
					<events>
						<event name="selendok" target="lab_common_colors" action="enable"/>
						<event name="selendok" target="header_color" action="disable"/>
						<event name="selendok" target="bg_color" action="enable"/>
						<event name="selendok" target="border_color" action="enable"/>
						<event name="selendok" target="fs_border_1" action="disable"/>
						<event name="selendok" target="fs_border_2" action="disable"/>
					</events>
				</item>
				<item id="gradient" label="Градиент">
					<events>
						<event name="selendok" target="lab_common_colors" action="enable"/>
						<event name="selendok" target="header_color" action="enable"/>
						<event name="selendok" target="bg_color" action="disable"/>
						<event name="selendok" target="border_color" action="enable"/>
						<event name="selendok" target="fs_border_1" action="disable"/>
						<event name="selendok" target="fs_border_2" action="disable"/>
					</events>
				</item>
				<item id="relief" label="Рельеф">
					<events>
						<event name="selendok" target="lab_common_colors" action="enable"/>
						<event name="selendok" target="header_color" action="disable"/>
						<event name="selendok" target="bg_color" action="enable"/>
						<event name="selendok" target="border_color" action="enable"/>
						<event name="selendok" target="fs_border_1" action="disable"/>
						<event name="selendok" target="fs_border_2" action="disable"/>
					</events>
				</item>
				<item id="text" label="Вариативная">
					<events>
						<event name="selendok" target="lab_common_colors" action="enable"/>
						<event name="selendok" target="header_color" action="disable"/>
						<event name="selendok" target="bg_color" action="enable"/>
						<event name="selendok" target="border_color" action="enable"/>
						<event name="selendok" target="fs_border_1" action="disable"/>
						<event name="selendok" target="fs_border_2" action="enable"/>
					</events>
				</item>
				<item id="custom" label="Настраиваемая">
					<events>
						<event name="selendok" target="lab_common_colors" action="enable"/>
						<event name="selendok" target="header_color" action="enable"/>
						<event name="selendok" target="bg_color" action="enable"/>
						<event name="selendok" target="border_color" action="enable"/>
						<event name="selendok" target="fs_border_1" action="enable"/>
						<event name="selendok" target="fs_border_2" action="enable"/>
					</events>
				</item>
			</items>
		</param>
		
		<param type="label" id="lab_common_colors" text="Общие цвета" def="" x="10" y="122" w="120" h="13"/>
		<param type="color" id="bg_color" text="" def="#E8EEFF" x="130" y="120" w="40" h="13"/>
		<param type="color" id="header_color" text="" def="#CEE0FF" x="190" y="120" w="40" h="13"/>
		<param type="color" id="border_color" text="" def="#336699" x="250" y="120" w="40" h="13"/>

		<param id="fs_border_1" type="fieldset">
			<param type="label" id="lab_border_style" text="Граница" def="" x="10" y="138" w="120" h="13"/>
			<param type="select" id="border_style" text="" def="custom" x="130" y="136" w="180" h="13">
				<items>
					<item id="custom" label="По элементам">
						<events>
							<event name="selendok" target="lab_border_display" action="disable"/>
							<event name="selendok" target="border_display" action="disable"/>
						</events>
					</item>
					<item id="none" label="Без границы">
						<events>
							<event name="selendok" target="lab_border_display" action="enable"/>
							<event name="selendok" target="border_display" action="enable"/>
						</events>
					</item>
					<item id="solid" label="Сплошная">
						<events>
							<event name="selendok" target="lab_border_display" action="enable"/>
							<event name="selendok" target="border_display" action="enable"/>
						</events>
					</item>
					<item id="dotted" label="Точечная">
						<events>
							<event name="selendok" target="lab_border_display" action="enable"/>
							<event name="selendok" target="border_display" action="enable"/>
						</events>
					</item>
					<item id="dashed" label="Пунктирная">
						<events>
							<event name="selendok" target="lab_border_display" action="enable"/>
							<event name="selendok" target="border_display" action="enable"/>
						</events>
					</item>
					<item id="double" label="Двойная">
						<events>
							<event name="selendok" target="lab_border_display" action="enable"/>
							<event name="selendok" target="border_display" action="enable"/>
						</events>
					</item>
					<item id="ridge" label="Гребень">
						<events>
							<event name="selendok" target="lab_border_display" action="enable"/>
							<event name="selendok" target="border_display" action="enable"/>
						</events>
					</item>
					<item id="groove" label="Канавка">
						<events>
							<event name="selendok" target="lab_border_display" action="enable"/>
							<event name="selendok" target="border_display" action="enable"/>
						</events>
					</item>
					<item id="inset" label="Поднимающаяся">
						<events>
							<event name="selendok" target="lab_border_display" action="enable"/>
							<event name="selendok" target="border_display" action="enable"/>
						</events>
					</item>
					<item id="outset" label="Опускающаяся">
						<events>
							<event name="selendok" target="lab_border_display" action="enable"/>
							<event name="selendok" target="border_display" action="enable"/>
						</events>
					</item>
				</items>
			</param>
		</param>
		<param id="fs_border_3" type="fieldset">
			<param type="label" id="lab_border_display" text="Тип границы *" def="" x="10" y="154" w="120" h="13"/>
			<param type="select" id="border_display" text="" def="plain" x="130" y="152" w="180" h="13">
				<items>
					<item id="plain" label="Полная"/>
					<item id="join" label="Совмещенная"/>
					<item id="join_tb" label="Совмещенная без боковых *"/>
					<item id="join_tb_nofl" label="Совмещенная без боковых и крайних *"/>
					<item id="outer" label="Только внешняя **"/>
				</items>
			</param>			
		</param>
		<param id="fs_border_2" type="fieldset">
			<param type="label" id="lab_stroke_weight" text="Толщина, радиус" x="10" y="170" w="120" h="13"/>
			<param type="spinner" id="stroke_weight" text="" def="1" x="130" y="168" w="32" h="13" min="0" max="49"/>
			<param type="label" id="lab_stroke_weight_px" text="пкс" x="165" y="170" w="30" h="13"/>
			<param type="spinner" id="border_radius" text="" def="10" x="190" y="168" w="32" h="13" min="0" max="49"/>
			<param type="label" id="lab_border_radius" text="пкс" x="225" y="170" w="30" h="13"/>
		</param>
		<param type="label" id="lab_display_symbol" text="Символ" def="" x="10" y="186" w="120" h="13"/>
		<param type="select" id="display_symbol" text="" def="yes" x="130" y="184" w="180" h="13">
			<items>
				<item id="yes" label="Общий">
					<events>
						<event name="selendok" target="fs_symbol" action="enable"/>
					</events>
				</item>
				<item id="custom" label="По элементам">
					<events>
						<event name="selendok" target="fs_symbol" action="disable"/>
					</events>
				</item>
				<item id="no" label="Без символа">
					<events>
						<event name="selendok" target="fs_symbol" action="disable"/>
					</events>
				</item>
			</items>
		</param>
		<param type="fieldset" id="fs_symbol">
			<param type="select" id="symbol" text="" def="ok" x="130" y="200" w="118" h="13">
				<items>
					<item id="ok" label="Галка простая">
						<events>
							<event name="selendok" target="symbol_color" action="enable"/>
							<event name="selendok" target="lab_symbolimage" action="disable"/>
							<event name="selendok" target="symbolimage" action="disable"/>
						</events>
					</item>
					<item id="checkmark" label="Галка жирная">
						<events>
							<event name="selendok" target="symbol_color" action="enable"/>
							<event name="selendok" target="lab_symbolimage" action="disable"/>
							<event name="selendok" target="symbolimage" action="disable"/>
						</events>
					</item>
					<item id="cross" label="Крест">
						<events>
							<event name="selendok" target="symbol_color" action="enable"/>
							<event name="selendok" target="lab_symbolimage" action="disable"/>
							<event name="selendok" target="symbolimage" action="disable"/>
						</events>
					</item>
					<item id="bullet" label="Диск">
						<events>
							<event name="selendok" target="symbol_color" action="enable"/>
							<event name="selendok" target="lab_symbolimage" action="disable"/>
							<event name="selendok" target="symbolimage" action="disable"/>
						</events>
					</item>
					<item id="star" label="Звезда">
						<events>
							<event name="selendok" target="symbol_color" action="enable"/>
							<event name="selendok" target="lab_symbolimage" action="disable"/>
							<event name="selendok" target="symbolimage" action="disable"/>
						</events>
					</item>
					<item id="heart" label="Сердце">
						<events>
							<event name="selendok" target="symbol_color" action="enable"/>
							<event name="selendok" target="lab_symbolimage" action="disable"/>
							<event name="selendok" target="symbolimage" action="disable"/>
						</events>
					</item>
					<item id="number" label="Порядковый номер">
						<events>
							<event name="selendok" target="symbol_color" action="enable"/>
							<event name="selendok" target="lab_symbolimage" action="disable"/>
							<event name="selendok" target="symbolimage" action="disable"/>
						</events>
					</item>
					<item id="q" label="Знак вопроса">
						<events>
							<event name="selendok" target="symbol_color" action="enable"/>
							<event name="selendok" target="lab_symbolimage" action="disable"/>
							<event name="selendok" target="symbolimage" action="disable"/>
						</events>
					</item>
					<item id="att" label="Восклицание">
						<events>
							<event name="selendok" target="symbol_color" action="enable"/>
							<event name="selendok" target="lab_symbolimage" action="disable"/>
							<event name="selendok" target="symbolimage" action="disable"/>
						</events>
					</item>
					<item id="bomb" label="Бомба">
						<events>
							<event name="selendok" target="symbol_color" action="enable"/>
							<event name="selendok" target="lab_symbolimage" action="disable"/>
							<event name="selendok" target="symbolimage" action="disable"/>
						</events>
					</item>
					<item id="eye" label="Глаз">
						<events>
							<event name="selendok" target="symbol_color" action="enable"/>
							<event name="selendok" target="lab_symbolimage" action="disable"/>
							<event name="selendok" target="symbolimage" action="disable"/>
						</events>
					</item>
					<item id="pointer" label="Указатель">
						<events>
							<event name="selendok" target="symbol_color" action="enable"/>
							<event name="selendok" target="lab_symbolimage" action="disable"/>
							<event name="selendok" target="symbolimage" action="disable"/>
						</events>
					</item>
					<item id="in" label="Инь-Янь">
						<events>
							<event name="selendok" target="symbol_color" action="enable"/>
							<event name="selendok" target="lab_symbolimage" action="disable"/>
							<event name="selendok" target="symbolimage" action="disable"/>
						</events>
					</item>
					<item id="drop" label="Капля">
						<events>
							<event name="selendok" target="symbol_color" action="enable"/>
							<event name="selendok" target="lab_symbolimage" action="disable"/>
							<event name="selendok" target="symbolimage" action="disable"/>
						</events>
					</item>
					<item id="frown" label="Огорчение">
						<events>
							<event name="selendok" target="symbol_color" action="enable"/>
							<event name="selendok" target="lab_symbolimage" action="disable"/>
							<event name="selendok" target="symbolimage" action="disable"/>
						</events>
					</item>
					<item id="snow" label="Снежинка">
						<events>
							<event name="selendok" target="symbol_color" action="enable"/>
							<event name="selendok" target="lab_symbolimage" action="disable"/>
							<event name="selendok" target="symbolimage" action="disable"/>
						</events>
					</item>
					<item id="smile" label="Улыбка">
						<events>
							<event name="selendok" target="symbol_color" action="enable"/>
							<event name="selendok" target="lab_symbolimage" action="disable"/>
							<event name="selendok" target="symbolimage" action="disable"/>
						</events>
					</item>
					<item id="scull" label="Череп">
						<events>
							<event name="selendok" target="symbol_color" action="enable"/>
							<event name="selendok" target="lab_symbolimage" action="disable"/>
							<event name="selendok" target="symbolimage" action="disable"/>
						</events>
					</item>
					<item id="nav" label="Штурвал">
						<events>
							<event name="selendok" target="symbol_color" action="enable"/>
							<event name="selendok" target="lab_symbolimage" action="disable"/>
							<event name="selendok" target="symbolimage" action="disable"/>
						</events>
					</item>
					<item id="plus" label="Плюс">
						<events>
							<event name="selendok" target="symbol_color" action="enable"/>
							<event name="selendok" target="lab_symbolimage" action="disable"/>
							<event name="selendok" target="symbolimage" action="disable"/>
						</events>
					</item>
					<item id="minus" label="Минус">
						<events>
							<event name="selendok" target="symbol_color" action="enable"/>
							<event name="selendok" target="lab_symbolimage" action="disable"/>
							<event name="selendok" target="symbolimage" action="disable"/>
						</events>
					</item>
					<item id="arrow" label="Стрелка">
						<events>
							<event name="selendok" target="symbol_color" action="enable"/>
							<event name="selendok" target="lab_symbolimage" action="disable"/>
							<event name="selendok" target="symbolimage" action="disable"/>
						</events>
					</item>
					<item id="doublearrow" label="Двойная стрелка">
						<events>
							<event name="selendok" target="symbol_color" action="enable"/>
							<event name="selendok" target="lab_symbolimage" action="disable"/>
							<event name="selendok" target="symbolimage" action="disable"/>
						</events>
					</item>
					<item id="diamonds1" label="Ромбы 1">
						<events>
							<event name="selendok" target="symbol_color" action="enable"/>
							<event name="selendok" target="lab_symbolimage" action="disable"/>
							<event name="selendok" target="symbolimage" action="disable"/>
						</events>
					</item>
					<item id="diamonds2" label="Ромбы 2">
						<events>
							<event name="selendok" target="symbol_color" action="enable"/>
							<event name="selendok" target="lab_symbolimage" action="disable"/>
							<event name="selendok" target="symbolimage" action="disable"/>
						</events>
					</item>
					<item id="flower" label="Цветок">
						<events>
							<event name="selendok" target="symbol_color" action="enable"/>
							<event name="selendok" target="lab_symbolimage" action="disable"/>
							<event name="selendok" target="symbolimage" action="disable"/>
						</events>
					</item>
					<item id="block" label="Блок">
						<events>
							<event name="selendok" target="symbol_color" action="enable"/>
							<event name="selendok" target="lab_symbolimage" action="disable"/>
							<event name="selendok" target="symbolimage" action="disable"/>
						</events>
					</item>
					<item id="balloon" label="Выноска">
						<events>
							<event name="selendok" target="symbol_color" action="enable"/>
							<event name="selendok" target="lab_symbolimage" action="disable"/>
							<event name="selendok" target="symbolimage" action="disable"/>
						</events>
					</item>
					<item id="alert" label="Знак Внимание *">
						<events>
							<event name="selendok" target="symbol_color" action="disable"/>
							<event name="selendok" target="lab_symbolimage" action="disable"/>
							<event name="selendok" target="symbolimage" action="disable"/>
						</events>
					</item>
					<item id="custom_img" label="Картинка по выбору">
						<events>
							<event name="selend" target="symbol_color" action="enable"/>
							<event name="selend" target="lab_symbolimage" action="disable"/>
							<event name="selend" target="symbolimage" action="disable"/>
							<event name="selendok" target="symbol_color" action="disable"/>
							<event name="selendok" target="lab_symbolimage" action="enable"/>
							<event name="selendok" target="symbolimage" action="enable"/>
						</events>
					</item>
				</items>
			</param>
			<param type="color" id="symbol_color" text="" def="#006600" x="250" y="200" w="40" h="13"/>
			<param type="label" id="lab_symbolimage" text="Файл картинки" x="10" y="218" w="120" h="13"/>
			<param type="file" id="symbolimage" text="" def="" x="130" y="216" w="163" h="13" ext="Картинки (*.png;*.jpg;*.jpeg;*.gif)|*.png;*.jpg;*.jpeg;*.gif|PNG (*.png)|*.png|JPEG (*.jpg;*.jpeg)|*.jpg;*.jpeg|GIF (*.gif)|*.gif|Все файлы (*.*)|*.*|||"/>
		</param>
	</page>
	<page name="Дополнительные" w="320" h="260">
		<param type="label" id="lab_items_margin" text="Между элементами" x="10" y="10" w="120" h="13"/>
		<param type="spinner" id="items_margin" text="" def="5" x="130" y="8" w="32" h="13" min="0" max="49"/>
		<param type="label" text="пкс" x="165" y="10" w="30" h="13"/>
		<param type="label" id="lab_text_padding" text="Отбивка текста" x="10" y="26" w="120" h="13"/>
		<param type="spinner" id="text_padding" text="" def="10" x="130" y="24" w="32" h="13" min="0" max="49"/>
		<param type="label" id="lab_text_padding2" text="пкс" x="165" y="26" w="30" h="13"/>
		<param type="label" id="lab_numbering_start" text="Начало нумерации" x="10" y="42" w="120" h="13"/>
		<param type="spinner" id="numbering_start" text="" def="1" x="130" y="40" w="32" h="13" min="0" max="99"/>
		<param type="label" id="lab_shadow_strength" text="Тень" def="" x="10" y="58" w="120" h="13"/>
		<param type="select" id="shadow_strength" text="" def="normal" x="130" y="56" w="120" h="13">
			<items>
				<item id="none" label="Без тени"/>
				<item id="extralight" label="Очень слабая"/>
				<item id="light" label="Слабая"/>
				<item id="normal" label="Нормальная"/>
				<item id="dark" label="Интенсивная"/>
				<item id="extradark" label="Очень интенсивная"/>
			</items>
		</param>
	</page>
	<page name="Показ" w="320" h="260">
		<param type="label" text="Режим показа" x="10" y="10" w="120" h="13"/>
		<param type="select" id="mode" text="" def="click" x="130" y="8" w="180" h="13">
			<items>
				<item id="click" label="По нажатию мыши">
					<events>
						<event name="selendok" target="fs_auto" action="hide"/>
						<event name="selendok" target="fs_click" action="show"/>
						<event name="selendok" target="fs_call" action="hide"/>
						<event name="selendok" target="fs_typewriter" action="hide"/>
					</events>
				</item>
				<item id="delay" label="Автоматически с задержкой">
					<events>
						<event name="selendok" target="fs_auto" action="show"/>
						<event name="selendok" target="fs_click" action="hide"/>
						<event name="selendok" target="fs_call" action="hide"/>
						<event name="selendok" target="fs_typewriter" action="hide"/>
					</events>
				</item>
				<item id="typewriter" label="Автоматически с разверткой текста">
					<events>
						<event name="selendok" target="fs_auto" action="hide"/>
						<event name="selendok" target="fs_click" action="hide"/>
						<event name="selendok" target="fs_call" action="hide"/>
						<event name="selendok" target="fs_typewriter" action="show"/>
					</events>
				</item>
				<item id="call" label="По внешней команде">
					<events>
						<event name="selendok" target="fs_auto" action="hide"/>
						<event name="selendok" target="fs_click" action="hide"/>
						<event name="selendok" target="fs_call" action="show"/>
						<event name="selendok" target="fs_typewriter" action="hide"/>
					</events>
				</item>
				<item id="instant" label="Все сразу">
					<events>
						<event name="selendok" target="fs_auto" action="hide"/>
						<event name="selendok" target="fs_click" action="hide"/>
						<event name="selendok" target="fs_call" action="hide"/>
						<event name="selendok" target="fs_typewriter" action="hide"/>
					</events>
				</item>
			</items>
		</param>

		<param type="fieldset" id="fs_auto">
			<param type="label" id="delay_label" text="Задержка" x="10" y="26" w="120" h="11"/>
			<param type="time" id="delay_time" text="" def="2000" x="130" y="24" w="32" h="13" min="0" max="99999"/>
			<param type="label" id="sec" text="сек" x="165" y="26" w="50" h="11"/>
		</param>

		<param type="fieldset" id="fs_typewriter">
			<param type="label" id="tw_label" text="Развертка текста" x="10" y="26" w="120" h="11"/>
			<param type="spinner" id="typewriter_speed" text="" def="10" x="130" y="24" w="32" h="13" min="1" max="20"/>
			<param type="label" id="lab_typewriter_speed" text="симв./сек" x="165" y="26" w="70" h="13"/>
		</param>

		<param type="fieldset" id="fs_click">
			<param type="label" id="lab_click_mode" text="Кнопка" x="10" y="26" w="120" h="11"/>
			<param type="select" id="click_mode" text="" def="button" x="130" y="24" w="88" h="13">
				<items>
					<item id="button" label="Кнопка">
						<events>
							<event name="selendok" target="lab_button_text" action="enable"/>
							<event name="selendok" target="button_text" action="enable"/>
							<event name="selendok" target="link_text" action="disable"/>
							<event name="selendok" target="fs_btn_img" action="disable"/>
							<event name="selendok" target="fs_font" action="enable"/>
							<event name="selendok" target="fs_customize" action="enable"/>
						</events>
					</item>
					<item id="image" label="Картинка">
						<events>
							<event name="selendok" target="lab_button_text" action="disable"/>
							<event name="selendok" target="button_text" action="disable"/>
							<event name="selendok" target="link_text" action="disable"/>
							<event name="selendok" target="fs_btn_img" action="enable"/>
							<event name="selendok" target="fs_font" action="disable"/>
							<event name="selendok" target="fs_customize" action="disable"/>
						</events>
					</item>
					<item id="link" label="Ссылка">
						<events>
							<event name="selendok" target="lab_button_text" action="disable"/>
							<event name="selendok" target="button_text" action="disable"/>
							<event name="selendok" target="link_text" action="enable"/>
							<event name="selendok" target="fs_btn_img" action="disable"/>
							<event name="selendok" target="fs_font" action="enable"/>
							<event name="selendok" target="fs_customize" action="disable"/>
						</events>
					</item>
				</items>
			</param>
			<param type="select" id="btn_align" text="" def="right" x="220" y="24" w="90" h="13">
				<items>
					<item id="center" label="По центру"/>
					<item id="left" label="Слева"/>
					<item id="right" label="Справа"/>
				</items>
			</param>

			<param type="label" id="lab_btn_margin" text="Отступ кнопки" x="10" y="42" w="120" h="11"/>
			<param type="spinner" id="btn_margin" text="" def="5" x="130" y="40" w="32" h="13" min="0" max="999"/>
			<param type="label" id="lab_btn_margin2" text="пкс" x="165" y="40" w="30" h="11"/>

			<param type="fieldset" id="fs_btn_img">
				<param type="label" id="lab_next_img" text="Файл картинки" x="10" y="58" w="120" h="13"/>
				<param type="file" id="next_img" text="" def="" x="130" y="56" w="163" h="13" ext="Картинки (*.png;*.jpg;*.jpeg;*.gif)|*.png;*.jpg;*.jpeg;*.gif|PNG (*.png)|*.png|JPEG (*.jpg;*.jpeg)|*.jpg;*.jpeg|GIF (*.gif)|*.gif|Все файлы (*.*)|*.*|||"/>
			</param>

			<param type="label" id="lab_button_text" text="Текст кнопки/ссылки" x="10" y="74" w="120" h="13"/>
			<param type="edit" id="button_text" text="" def="Далее" x="130" y="72" w="88" h="13"/>
			<param type="edit" id="link_text" text="" def="Далее" x="220" y="72" w="90" h="13"/>

			<param type="fieldset" id="fs_font">
				<param type="line" id="LINE_font_1" text="" def="" x="5" y="90" w="310" h="78"/>
				<param type="line" id="LINE_font_2" text="" def="" x="5" y="106" w="310" h="62"/>
				<param type="label" id="lab_font" text="Шрифт" x="15" y="94" w="120" h="11"/>
		
				<param type="select" id="font" text="" def="robotoregular" x="15" y="114" w="113" h="13">
					<items>
						<item id="Arial" label="Arial">
							<events>
								<event name="selendok" target="font_custom" action="disable"/>
							</events>
						</item>
						<item id="ArialBlack" label="Arial Black">
							<events>
								<event name="selendok" target="font_custom" action="disable"/>
							</events>
						</item>
						<item id="ArialNarrow" label="Arial Narrow">
							<events>
								<event name="selendok" target="font_custom" action="disable"/>
							</events>
						</item>
						<item id="ComicSansMS" label="Comic Sans MS">
							<events>
								<event name="selendok" target="font_custom" action="disable"/>
							</events>
						</item>
						<item id="CourierNew" label="Courier New">
							<events>
								<event name="selendok" target="font_custom" action="disable"/>
							</events>
						</item>
						<item id="Georgia" label="Georgia">
							<events>
								<event name="selendok" target="font_custom" action="disable"/>
							</events>
						</item>
						<item id="Impact" label="Impact">
							<events>
								<event name="selendok" target="font_custom" action="disable"/>
							</events>
						</item>
						<item id="LucidaConsole" label="Lucida Console">
							<events>
								<event name="selendok" target="font_custom" action="disable"/>
							</events>
						</item>
						<item id="LucidaSansUnicode" label="Lucida Sans Unicode">
							<events>
								<event name="selendok" target="font_custom" action="disable"/>
							</events>
						</item>
						<item id="Palatino" label="Palatino">
							<events>
								<event name="selendok" target="font_custom" action="disable"/>
							</events>
						</item>
						<item id="Tahoma" label="Tahoma">
							<events>
								<event name="selendok" target="font_custom" action="disable"/>
							</events>
						</item>
						<item id="Times" label="Times New Roman">
							<events>
								<event name="selendok" target="font_custom" action="disable"/>
							</events>
						</item>
						<item id="TrebuchetMS" label="Trebuchet MS">
							<events>
								<event name="selendok" target="font_custom" action="disable"/>
							</events>
						</item>
						<item id="Verdana" label="Verdana">
							<events>
								<event name="selendok" target="font_custom" action="disable"/>
							</events>
						</item>
						<item id="clear_sans_lightregular" label="WF Clear Sans Light">
							<events>
								<event name="selendok" target="font_custom" action="disable"/>
							</events>
						</item>
						<item id="clear_sans_mediumregular" label="WF Clear Sans Medium">
							<events>
								<event name="selendok" target="font_custom" action="disable"/>
							</events>
						</item>
						<item id="clear_sansregular" label="WF Clear Sans Regular">
							<events>
								<event name="selendok" target="font_custom" action="disable"/>
							</events>
						</item>
						<item id="clear_sans_thinregular" label="WF Clear Sans Thin">
							<events>
								<event name="selendok" target="font_custom" action="disable"/>
							</events>
						</item>
						<item id="droid_sans_monoregular" label="WF Droid Sans Mono">
							<events>
								<event name="selendok" target="font_custom" action="disable"/>
							</events>
						</item>
						<item id="droid_sansregular" label="WF Droid Sans Regular">
							<events>
								<event name="selendok" target="font_custom" action="disable"/>
							</events>
						</item>
						<item id="droid_serifregular" label="WF Droid Serif Regular">
							<events>
								<event name="selendok" target="font_custom" action="disable"/>
							</events>
						</item>
						<item id="nerisblack" label="WF Neris Black">
							<events>
								<event name="selendok" target="font_custom" action="disable"/>
							</events>
						</item>
						<item id="nerislight" label="WF Neris Light">
							<events>
								<event name="selendok" target="font_custom" action="disable"/>
							</events>
						</item>
						<item id="nerissemibold" label="WF Neris SemiBold">
							<events>
								<event name="selendok" target="font_custom" action="disable"/>
							</events>
						</item>
						<item id="neristhin" label="WF Neris Thin">
							<events>
								<event name="selendok" target="font_custom" action="disable"/>
							</events>
						</item>
						<item id="noto_sansregular" label="WF Noto Sans Regular">
							<events>
								<event name="selendok" target="font_custom" action="disable"/>
							</events>
						</item>
						<item id="noto_serifregular" label="WF Noto Serif Regular">
							<events>
								<event name="selendok" target="font_custom" action="disable"/>
							</events>
						</item>
						<item id="open_sanscondensed_light" label="WF Open Sans Condensed Light">
							<events>
								<event name="selendok" target="font_custom" action="disable"/>
							</events>
						</item>
						<item id="open_sansextrabold" label="WF Open Sans Extra Bold">
							<events>
								<event name="selendok" target="font_custom" action="disable"/>
							</events>
						</item>
						<item id="open_sanslight" label="WF Open Sans Light">
							<events>
								<event name="selendok" target="font_custom" action="disable"/>
							</events>
						</item>
						<item id="open_sansregular" label="WF Open Sans Regular">
							<events>
								<event name="selendok" target="font_custom" action="disable"/>
							</events>
						</item>
						<item id="open_sanssemibold" label="WF Open Sans SemiBold">
							<events>
								<event name="selendok" target="font_custom" action="disable"/>
							</events>
						</item>
						<item id="permiansanstypefaceregular" label="WF Permian Sans Regular">
							<events>
								<event name="selendok" target="font_custom" action="disable"/>
							</events>
						</item>
						<item id="permianseriftypefaceregular" label="WF Permian Serif Regular">
							<events>
								<event name="selendok" target="font_custom" action="disable"/>
							</events>
						</item>
						<item id="permianslabseriftypefaceRg" label="WF Permian Slab Serif Regular">
							<events>
								<event name="selendok" target="font_custom" action="disable"/>
							</events>
						</item>
						<item id="robotoblack" label="WF Roboto Black">
							<events>
								<event name="selendok" target="font_custom" action="disable"/>
							</events>
						</item>
						<item id="roboto_condensedregular" label="WF Roboto Condensed">
							<events>
								<event name="selendok" target="font_custom" action="disable"/>
							</events>
						</item>
						<item id="roboto_condensedlight" label="WF Roboto Condensed Light">
							<events>
								<event name="selendok" target="font_custom" action="disable"/>
							</events>
						</item>
						<item id="robotolight" label="WF Roboto Light">
							<events>
								<event name="selendok" target="font_custom" action="disable"/>
							</events>
						</item>
						<item id="robotomedium" label="WF Roboto Medium">
							<events>
								<event name="selendok" target="font_custom" action="disable"/>
							</events>
						</item>
						<item id="robotoregular" label="WF Roboto Regular">
							<events>
								<event name="selendok" target="font_custom" action="disable"/>
							</events>
						</item>
						<item id="robotothin" label="WF Roboto Thin">
							<events>
								<event name="selendok" target="font_custom" action="disable"/>
							</events>
						</item>
						<item id="roboto_slablight" label="WF Roboto Slab Light">
							<events>
								<event name="selendok" target="font_custom" action="disable"/>
							</events>
						</item>
						<item id="roboto_slabregular" label="WF Roboto Slab Regular">
							<events>
								<event name="selendok" target="font_custom" action="disable"/>
							</events>
						</item>
						<item id="roboto_slabthin" label="WF Roboto Slab Thin">
							<events>
								<event name="selendok" target="font_custom" action="disable"/>
							</events>
						</item>
						<item id="custom" label="По выбору">
							<events>
								<event name="selendok" target="font_custom" action="enable"/>
							</events>
						</item>
					</items>
				</param>
				<param type="edit" id="font_custom" text="" def="" x="130" y="114" w="175" h="13"/>
		
				<param type="color" id="font_color" text="" def="#336699" x="15" y="130" w="40" h="13"/>
				<param type="select" id="font_style" text="" def="normal" x="130" y="130" w="118" h="13">
					<items>
						<item id="normal" label="Обычный"/>
						<item id="bold" label="Жирный"/>
						<item id="italic" label="Курсив"/>
						<item id="bolditalic" label="Курсив жирный"/>
					</items>
				</param>
				<param type="spinner" id="font_size" text="" def="12" x="250" y="130" w="32" h="13" min="1" max="100"/>
				<param type="label" id="lab_font_size2" text="пкс" x="285" y="132" w="22" h="11"/>
		
				<param type="label" id="lab_text_shadow_strength" text="Тень" def="" x="15" y="148" w="115" h="11"/>
				<param type="select" id="text_shadow_strength" text="" def="normal" x="130" y="146" w="118" h="13">
					<items>
						<item id="none" label="Без тени">
							<events>
								<event name="selendok" target="text_shadow_color" action="disable"/>
							</events>
						</item>
						<item id="extralight" label="Очень слабая">
							<events>
								<event name="selendok" target="text_shadow_color" action="enable"/>
							</events>
						</item>
						<item id="light" label="Слабая">
							<events>
								<event name="selendok" target="text_shadow_color" action="enable"/>
							</events>
						</item>
						<item id="normal" label="Нормальная">
							<events>
								<event name="selendok" target="text_shadow_color" action="enable"/>
							</events>
						</item>
						<item id="dark" label="Интенсивная">
							<events>
								<event name="selendok" target="text_shadow_color" action="enable"/>
							</events>
						</item>
						<item id="extradark" label="Очень интенсивная">
							<events>
								<event name="selendok" target="text_shadow_color" action="enable"/>
							</events>
						</item>
					</items>
				</param>
				<param type="color" id="text_shadow_color" text="" def="#FFFFFF" x="250" y="146" w="40" h="13"/>
			</param>

			<param type="fieldset" id="fs_customize">

				<param type="check" id="customize_btn" text="Изменить стиль кнопки" def="no" x="10" y="172" w="240" h="13">
					<events>
						<event name="check" target="fs_customize_btn" action="enable"/>
						<event name="uncheck" target="fs_customize_btn" action="disable"/>
					</events>
				</param>
				<param type="fieldset" id="fs_customize_btn">
					<param type="label" id="lab_btn_colors" text="Заливка, граница" x="10" y="190" w="120" h="13"/>
					<param type="color" id="btn_bg_color" text="" def="#F0F0F0" x="130" y="188" w="45" h="13"/>
					<param type="color" id="btn_border_color" text="" def="#666666" x="220" y="188" w="40" h="13"/>
	
					<param type="label" id="lab_border" text="Граница" x="10" y="206" w="120" h="13"/>
					<param type="select" id="btn_border_style" text="" def="solid" x="130" y="204" w="88" h="13">
						<items>
							<item id="none" label="Без границы"/>
							<item id="solid" label="Сплошная"/>
							<item id="double" label="Двойная"/>
							<item id="inset" label="Поднимающаяся"/>
							<item id="outset" label="Опускающаяся"/>
							<item id="dashed" label="Пунктирная"/>
							<item id="dotted" label="Точечная"/>
						</items>
					</param>
					<param type="spinner" id="btn_border_width" text="" def="2" x="220" y="204" w="32" h="13" min="0" max="99"/>
					<param type="label" id="label_3" text="пкс" x="255" y="206" w="25" h="13"/>
	
					<param type="label" id="lab_text_padding" text="Отбивка текста (гор/верт)" x="10" y="222" w="120" h="11"/>
					<param type="spinner" id="btn_text_padding_h" text="" def="3" x="130" y="220" w="32" h="13" min="0" max="100"/>
					<param type="spinner" id="btn_text_padding_v" text="" def="5" x="220" y="220" w="32" h="13" min="0" max="100"/>
					<param type="label" id="lab_text_padding2" text="пкс" x="255" y="224" w="30" h="11"/>
	
					<param type="label" id="label_10" text="Выравнивание текста" x="10" y="238" w="120" h="13"/>
					<param type="select" id="btn_text_align" text="" def="center" x="130" y="236" w="88" h="13">
						<items>
							<item id="center" label="По центру"/>
							<item id="left" label="Влево"/>
							<item id="right" label="Вправо"/>
						</items>
					</param>
				</param>
			</param>
	
		</param>
		<param type="fieldset" id="fs_call">
			<param type="check" id="firstitem" text="Показывать первый элемент автоматически" def="yes" x="10" y="24" w="240" h="13"/>
		</param>
	</page>
	<page name="Эффекты" w="320" h="260">
		<param type="label" id="lab_transition_type" text="Появление" def="" x="10" y="10" w="120" h="13"/>
		<param type="select" id="transition_type" text="" def="5" x="130" y="8" w="180" h="13">
			<items>
				<item id="-1" label="Без эффекта">
					<events>
						<event name="selendok" target="fs_transition" action="hide"/>
					</events>
				</item>
				<item id="0" label="Открытие слева">
					<events>
						<event name="selendok" target="fs_transition" action="show"/>
					</events>
				</item>
				<item id="1" label="Открытие справа">
					<events>
						<event name="selendok" target="fs_transition" action="show"/>
					</events>
				</item>
				<item id="2" label="Открытие сверху">
					<events>
						<event name="selendok" target="fs_transition" action="show"/>
					</events>
				</item>
				<item id="3" label="Открытие снизу">
					<events>
						<event name="selendok" target="fs_transition" action="show"/>
					</events>
				</item>
				<item id="4" label="Вылет слева">
					<events>
						<event name="selendok" target="fs_transition" action="show"/>
					</events>
				</item>
				<item id="5" label="Вылет справа">
					<events>
						<event name="selendok" target="fs_transition" action="show"/>
					</events>
				</item>
				<item id="6" label="Вылет сверху">
					<events>
						<event name="selendok" target="fs_transition" action="show"/>
					</events>
				</item>
				<item id="7" label="Вылет снизу">
					<events>
						<event name="selendok" target="fs_transition" action="show"/>
					</events>
				</item>
				<item id="8" label="Появление слева">
					<events>
						<event name="selendok" target="fs_transition" action="show"/>
					</events>
				</item>
				<item id="9" label="Появление справа">
					<events>
						<event name="selendok" target="fs_transition" action="show"/>
					</events>
				</item>
				<item id="10" label="Появление сверху">
					<events>
						<event name="selendok" target="fs_transition" action="show"/>
					</events>
				</item>
				<item id="11" label="Появление снизу">
					<events>
						<event name="selendok" target="fs_transition" action="show"/>
					</events>
				</item>
				<item id="12" label="Растворение">
					<events>
						<event name="selendok" target="fs_transition" action="show"/>
					</events>
				</item>
				<item id="13" label="Жалюзи горизонтально">
					<events>
						<event name="selendok" target="fs_transition" action="show"/>
					</events>
				</item>
				<item id="14" label="Жалюзи вертикально">
					<events>
						<event name="selendok" target="fs_transition" action="show"/>
					</events>
				</item>
				<item id="15" label="Размер горизонтально">
					<events>
						<event name="selendok" target="fs_transition" action="show"/>
					</events>
				</item>
				<item id="16" label="Размер вертикально">
					<events>
						<event name="selendok" target="fs_transition" action="show"/>
					</events>
				</item>
				<item id="17" label="Размер по обеим осям">
					<events>
						<event name="selendok" target="fs_transition" action="show"/>
					</events>
				</item>
				<item id="18" label="Конденсация">
					<events>
						<event name="selendok" target="fs_transition" action="show"/>
					</events>
				</item>
				<item id="19" label="Подпрыгивание">
					<events>
						<event name="selendok" target="fs_transition" action="show"/>
					</events>
				</item>
				<item id="20" label="Пульсация">
					<events>
						<event name="selendok" target="fs_transition" action="show"/>
					</events>
				</item>
				<item id="21" label="Раскладывание">
					<events>
						<event name="selendok" target="fs_transition" action="show"/>
					</events>
				</item>
				<item id="22" label="Тряска">
					<events>
						<event name="selendok" target="fs_transition" action="show"/>
					</events>
				</item>
				<item id="23" label="Случайный">
					<events>
						<event name="selendok" target="fs_transition" action="show"/>
					</events>
				</item>
			</items>
		</param>


		<param type="fieldset" id="fs_transition">
			<param type="label" id="lab_transition_speed" text="Скорость" x="10" y="26" w="120" h="13"/>
			<param type="select" id="transition_speed" text="" def="normal" x="130" y="24" w="180" h="13">
				<items>
					<item id="fast" label="Быстро">
						<events>
							<event name="selendok" target="lab_transition_duration" action="disable"/>
							<event name="selendok" target="transition_duration" action="disable"/>
							<event name="selendok" target="lab_transition_duration2" action="disable"/>
						</events>
					</item>
					<item id="normal" label="Нормально">
						<events>
							<event name="selendok" target="lab_transition_duration" action="disable"/>
							<event name="selendok" target="transition_duration" action="disable"/>
							<event name="selendok" target="lab_transition_duration2" action="disable"/>
						</events>
					</item>
					<item id="slow" label="Медленно">
						<events>
							<event name="selendok" target="lab_transition_duration" action="disable"/>
							<event name="selendok" target="transition_duration" action="disable"/>
							<event name="selendok" target="lab_transition_duration2" action="disable"/>
						</events>
					</item>
					<item id="custom" label="По выбору">
						<events>
							<event name="selendok" target="lab_transition_duration" action="enable"/>
							<event name="selendok" target="transition_duration" action="enable"/>
							<event name="selendok" target="lab_transition_duration2" action="enable"/>
						</events>
					</item>
				</items>
			</param>
			<param type="label" id="lab_transition_duration" text="Длительность" x="10" y="42" w="120" h="13"/>
			<param type="time" id="transition_duration" def="1000" text="" x="130" y="40" w="32" h="13" min="0" max="99999"/>
			<param type="label" id="lab_transition_duration2" text="сек" x="165" y="42" w="50" h="13"/>
		</param>
	</page>
	<page name="Звук" w="320" h="260">
		<param type="line" id="LINE_snd_1" text="" def="" x="5" y="8" w="310" h="48"/>
		<param type="line" id="LINE_snd_2" text="" def="" x="5" y="24" w="310" h="32"/>
		<param type="label" id="lab_snd_click" text="Нажатие мыши" def="" x="15" y="12" w="120" h="11"/>
		<param type="select" id="sound_click" text="" def="none" x="15" y="34" w="113" h="13">
			<items>
				<item id="none" label="Без звука">
					<events>
						<event name="selendok" target="sound_click_file_custom" action="disable"/>
					</events>
				</item>
				<item id="click1" label="Стандартный 1">
					<events>
						<event name="selendok" target="sound_click_file_custom" action="disable"/>
					</events>
				</item>
				<item id="click2" label="Стандартный 2">
					<events>
						<event name="selendok" target="sound_click_file_custom" action="disable"/>
					</events>
				</item>
				<item id="click3" label="Стандартный 3">
					<events>
						<event name="selendok" target="sound_click_file_custom" action="disable"/>
					</events>
				</item>
				<item id="click4" label="Стандартный 4">
					<events>
						<event name="selendok" target="sound_click_file_custom" action="disable"/>
					</events>
				</item>
				<item id="custom" label="По выбору">
					<events>
						<event name="selendok" target="sound_click_file_custom" action="enable"/>
					</events>
				</item>
			</items>
		</param>
		<param type="file" id="sound_click_file_custom" text="" def="" x="130" y="34" w="158" h="13" ext="Звуковые файлы (*.mp3;*.ogg;*.oga;*.webm;*.wav;*.swf)|*.mp3;*.ogg;*.oga;*.webm;*.wav;*.swf|MP3 (*.mp3)|*.mp3|OGG (*.oga;*.ogg)|*.ogg;*.oga;|WebM (*.webm)|*.webm|WAV (*.wav)|*.wav|Все файлы (*.*)|*.*|||"/>
	</page>
	<methods>
		<method name="Constructor" label="_Constructor" access="private">
			<params>
			</params>
			<body>
			<![CDATA[function Constructor(argobj)
			{
				var oCurObj = CLO[argobj.pid];
				var jCurObjDiv = $(oCurObj.div);
				var bDefer = false; 
				switch(oCurObj.display)
				{
					case "none":
					{
						bDefer = true;
						CL.Event.Subscribe({ aList: [ { sId: argobj.pid, sEvtName: "EVENT_OBJECT_SHOW" } ] });
						break;
					}
					case "time":
					case "frame":
					case "slide":
					{
						if(oCurObj.iBegin!=null && +oCurObj.iBegin!=0)
						{
							bDefer = true;
							CL.Event.Subscribe({ aList: [ { sId: argobj.pid, sEvtName: "EVENT_OBJECT_SHOW" } ] });
						}
						break;
					}
				}
				jCurObjDiv.find(".cl-btn").on("click", function (e) { CLO[argobj.pid].CallMethod({ sMethod: "UIEvent", oMethodArgs: { evt: e, elem: this } }); });
				oCurObj.data =
				{
					bCreated: true,
					bTypeWriter: (oCurObj.jxParams.find("mode").text()=="typewriter"),
					iCurrent: 0,
					sMode: oCurObj.jxParams.find("mode").text(),
					iMax: oCurObj.jxParams.find("list > item").length,
					bTransition: (oCurObj.jxParams.children("transition_type").text()!="-1"),
					iTransition: +oCurObj.jxParams.find("transition_type").text(),
					sSpeed: oCurObj.jxParams.find("transition_speed").text(),
					nDuration: +oCurObj.jxParams.find("transition_duration").text(),
					sSoundClick: oCurObj.jxParams.children("sound_click").text()
				};
				if(oCurObj.data.bTypeWriter)
				{
					var sSpeed = oCurObj.jxParams.children("typewriter_speed").text();
					var iSpeed = (sSpeed=="") ? 10 : parseInt(sSpeed, 10);
					if(isNaN(iSpeed)) iSpeed = 10;
					oCurObj.data.iDelay = Math.round(1000/iSpeed);
				}
				if(oCurObj.data.sSoundClick=="custom")
				{
					oCurObj.data.sSoundClickFile = oCurObj.jxParams.children("sound_click_file_custom").text();
				}
				if(!bDefer)
				{
					oCurObj.CallMethod({ sMethod: "Display", oMethodArgs: { elindex: 1 } });
				}
				return true;
			}]]>
			</body>
		</method>
		<method name="HandleEvt" label="_HandleEvt" access="private">
            <params>
            </params>
            <body>
			<![CDATA[function HandleEvt(argobj)
			{
				var oCurObj = CLO[argobj.pid];
				if(oCurObj==null || oCurObj.div==null) return false; 
				switch(argobj.evt)
				{
					case "EVENT_OBJECT_SHOW":
					{
						if(!oCurObj.data.bCreated) return false;
						oCurObj.CallMethod({ sMethod: "Display", oMethodArgs: { elindex: 1 } });
						break;
					}
				}
				return true;
			}]]>
			</body>
		</method>
		<method name="UIEvent" label="_UIEvent" access="private">
			<params>
			</params>
			<body>
			<![CDATA[function UIEvent(argobj)
			{
				var oCurObj = CLO[argobj.pid];
				if(argobj.evt==null) return false;
				var jElem = $(argobj.elem);
				if(jElem.hasClass("cl-btn"))
				{
					switch(argobj.evt.type)
					{
						case "click":
						{
							var iIndex = CLO[argobj.pid].data.iCurrent + 1;
							if(iIndex > CLO[argobj.pid].data.iMax) return false;
							if(oCurObj.data.sSoundClick!="none")
							{
								CL.Sound.Play({ sId: argobj.pid, sEvent: "click", sType: oCurObj.data.sSoundClick, sFile: oCurObj.data.sSoundClickFile })
							}
							CLO[argobj.pid].CallMethod({ sMethod: "Display", oMethodArgs: { elindex: iIndex }});
							break;
						}
					}
				}
				return true;
			}]]>
			</body>
		</method>
		<method name="UpdateButtons" label="_UpdateButtons" access="private">
			<params>
			</params>
			<body>
			<![CDATA[function UpdateButtons(argobj)
			{
				var oCurObj = CLO[argobj.pid];
				var jCurObjDiv = $(oCurObj.div);
				if(argobj.next==true)
				{
					jCurObjDiv.find(".cl-btn-container").show();
				}
				else
				{
					jCurObjDiv.find(".cl-btn-container").hide();
				}
				return true;
			}]]>
			</body>
		</method>
		<method name="Display" label="_Display" access="private">
			<params>
			</params>
			<body>
			<![CDATA[function Display(argobj)
			{
				var oCurObj = CLO[argobj.pid];
				var jCurObjDiv = $(oCurObj.div);
				if(oCurObj.div==null) return false;
				var iIndex = 1;
				if(argobj.elindex!=null)
				{
					iIndex = parseInt(argobj.elindex, 10);
					if(isNaN(iIndex)) return false;
				}
				if(iIndex < 1 || iIndex > oCurObj.data.iMax) return false;

				var jItem = jCurObjDiv.find("div[data-num='" + iIndex + "']");
				if(oCurObj.data.sMode=="click")
				{
					oCurObj.CallMethod({ sMethod: "UpdateButtons", oMethodArgs: { next: false }});
				}
				oCurObj.data.iCurrent = iIndex;
				oCurObj.FireEvent({ sName: "onDisplayItem" });
				if(iIndex==1)
				{
					oCurObj.FireEvent({ sName: "onFirstItem" });
				}
				else if(iIndex==CLO[argobj.pid].data.iMax)
				{
					oCurObj.FireEvent({ sName: "onLastItem" });
				}
				if(oCurObj.data.bTransition)
				{
					var fnCallback = null;
					if(oCurObj.data.sMode=="instant")
					{
						fnCallback = function() { CLO[argobj.pid].FireEvent({ sName: "onFinishDisplayItem" }); CLO[argobj.pid].FireEvent({ sName: "onAllDisplayed" }); };
					}
					else if(oCurObj.data.sMode=="click")
					{
						fnCallback = (iIndex==oCurObj.data.iMax) ? function() { CLO[argobj.pid].FireEvent({ sName: "onFinishDisplayItem" }); CLO[argobj.pid].FireEvent({ sName: "onAllDisplayed" }); } : function() { CLO[argobj.pid].CallMethod({ sMethod: "UpdateButtons", oMethodArgs: { next: true }}); CLO[argobj.pid].FireEvent({ sName: "onFinishDisplayItem" }); };
					}
					else if(oCurObj.data.sMode=="typewriter")
					{
						jItem.find(".cl-txt-box > span.cl-txt-wrapper").css({ "visibility": "hidden" });
						fnCallback = function() { CLO[argobj.pid].CallMethod({ sMethod: "TypeWriter" }); };
					}
					else
					{
						fnCallback = (iIndex==oCurObj.data.iMax) ? function() { CLO[argobj.pid].FireEvent({ sName: "onFinishDisplayItem" }); CLO[argobj.pid].FireEvent({ sName: "onAllDisplayed" }); } : function() { CLO[argobj.pid].FireEvent({ sName: "onFinishDisplayItem" }); };
					}
					var nDuration = (oCurObj.data.sSpeed=="custom") ? oCurObj.data.nDuration : CL.oDurations[oCurObj.data.sSpeed];
					var iTrans = oCurObj.data.iTransition;
					if(iTrans==23)
					{
						iTrans = Math.floor((CL.aTransitionsCommon.length-1)*Math.random());
					}
					var sEffect = CL.aTransitionsCommon[iTrans].t;
					var sDirection = (CL.aTransitionsCommon[iTrans].d!=null) ? CL.aTransitionsCommon[iTrans].d : "";
					var oOptionsSimple = { effect: sEffect, duration: +oCurObj.jxParams.find("transition_duration").text() };
					var oOptions = { effect: sEffect, duration: +oCurObj.jxParams.find("transition_duration").text(), complete: fnCallback };
					if(sDirection!="") oOptions.direction = sDirection;
					jItem.show(oOptions);
					if(oCurObj.data.sMode=="instant")
					{
						for(var i=2; i<=oCurObj.data.iMax; i++)
						{
							jCurObjDiv.find("div[data-num='" + i + "']").show(oOptionsSimple)
						}
					}
				}
				else
				{
					if(oCurObj.data.sMode=="instant")
					{
						jCurObjDiv.find("div[data-num]").show();
						oCurObj.FireEvent({ sName: "onFinishDisplayItem" });
						oCurObj.FireEvent({ sName: "onAllDisplayed" });
					}
					else if(oCurObj.data.sMode=="typewriter")
					{
						jItem.show().find(".cl-item-txt").css({ "visibility": "hidden" });
						CLO[argobj.pid].CallMethod({ sMethod: "TypeWriter" });
					}
					else
					{
						jItem.show();
						oCurObj.FireEvent({ sName: "onFinishDisplayItem" });
					}
				}
				if(oCurObj.data.sMode=="delay")
				{
					var iDelay = +oCurObj.jxParams.children("delay_time").text();
					oCurObj.iTimer = setTimeout(function () { oCurObj.CallMethod({ sMethod: "Next" }); }, iDelay);
				}
				return true;
			}]]>
			</body>
		</method>
		<method name="TypeWriter" label="_TypeWriter" access="private">
			<params>
			</params>
			<body>
			<![CDATA[function TypeWriter(argobj)
			{
				var oCurObj = CLO[argobj.pid];
				var jCurObjDiv = $(oCurObj.div); 
				var jItem = jCurObjDiv.find("div[data-num='" + oCurObj.data.iCurrent + "']");
				var jElem = jItem.find(".cl-txt-box"); 
				if(jElem.attr("data-wrapped")=="yes")
				{
					jElem.find(".cl-char").each(function () { $(this).contents().unwrap() });
				}
				jElem.attr({ "data-wrapped": "yes" }).html( CL.Common.WrapCharacters({ sHTML: jElem.html() }) );
				jElem.children("span.cl-txt-wrapper").css({ "visibility": "visible" });
				oCurObj.CallMethod({ sMethod: "NextChar", oMethodArgs: { oElem: jElem, iDelay: oCurObj.data.iDelay, iItem: 0 } });
				return true;
			}]]>
			</body>
		</method>
		<method name="NextChar" label="_NextChar" access="private">
			<params>
			</params>
			<body>
			<![CDATA[function NextChar(argobj)
			{
				if(argobj==null) return false;
				if(argobj.pid==null || argobj.oElem==null || argobj.iDelay==null || argobj.iItem==null)
				{
					return false;
				}
				var oCurObj = CLO[argobj.pid];
				if(oCurObj==null)
				{
					return false;
				}
				var jElem = $(argobj.oElem);
				var jItem = jElem.find(".cl-char[data-i='" + argobj.iItem + "']");
				if(jItem.length==0)
				{
					oCurObj.FireEvent({ sName: "onFinishDisplayItem" }); 
					if(oCurObj.data.iCurrent >= CLO[argobj.pid].data.iMax)
					{
						CLO[argobj.pid].FireEvent({ sName: "onAllDisplayed" });
					}
					else
					{
						oCurObj.iTimer = setTimeout(function () { oCurObj.CallMethod({ sMethod: "Next" }); }, 100);
					}
					return false;
				}
				jItem.contents().unwrap();
				oCurObj.iTimer = setTimeout(function () { oCurObj.CallMethod({ sMethod: "NextChar", oMethodArgs: { oElem: argobj.oElem, iDelay: argobj.iDelay, iItem: (argobj.iItem+1) } }); }, argobj.iDelay);
				return true;
			}]]>
			</body>
		</method>
		<method name="Next" label="ПОКАЗАТЬ СЛЕДУЮЩИЙ" access="public">
			<params>
			</params>
			<body>
			<![CDATA[function Next(argobj)
			{
				var iIndex = CLO[argobj.pid].data.iCurrent + 1;
				if(iIndex > CLO[argobj.pid].data.iMax)
				{
					CLO[argobj.pid].FireEvent({ sName: "onAllDisplayed" });
					return false;
				}
				CLO[argobj.pid].CallMethod({ sMethod: "Display", oMethodArgs: { elindex: iIndex }});
				return true;
			}]]>
			</body>
		</method>
		<method name="GetProperty" label="_GetProperty" access="private">
			<params>
			</params>
			<body>
			<![CDATA[function GetProperty(argobj)
			{
				if(argobj.pid==null || argobj.property==null) return "";
				if(CLO[argobj.pid]==null) return "";
				var oCurObj = CLO[argobj.pid];
				switch(argobj.property.toLowerCase())
				{
					case "lastItem":
					{
						return oCurObj.data.iCurrent;
					}
					case "nextItem":
					{
						return ((oCurObj.data.iCurrent>=oCurObj.data.iMax) ? "" : (oCurObj.data.iCurrent + 1));
					}
					case "totalItems":
					{
						return oCurObj.data.iCurrent;
					}
					case "state":
					{
						return oCurObj.sCurrentState;
					}
				}
				return "";
			}]]>
			</body>
		</method>
	</methods>
</params>