<?xml version="1.0" encoding="UTF-8"?><!--
'*	form_005_radiogroup.xml
'*	Copyright (c) Websoft, 2007.  All rights reserved.
--><params>
	<object>
		<label>Группа зависимых маркеров</label>
		<width>200</width>
		<height>50</height>
		<description>Группа зависимых маркеров. Текущее выбранное значение доступно через переменную run-time.</description>
		<state_extension>false</state_extension>
	</object>
	<page name="Основные" w="320" h="150">
		<param type="label" text="Список значений" x="10" y="10" w="120" h="13"/>
		<param type="list" id="valuelist" text="" def="yes" x="10" y="8" w="300" h="80">
			<page name="Элемент" w="260" h="90">
				<param type="label" text="Описание" x="10" y="10" w="120" h="13"/>
				<param type="textedit" id="input_text" text="Описание" def="Текст по умолчанию" x="130" y="8" w="103" h="13" listcolumn="0"/>
				<param type="label" text="Значение при выборе" x="10" y="26" w="120" h="13"/>
				<param type="edit" id="input_value" text="Значение" def="" x="130" y="24" w="120" h="13"/>
				<param type="check" id="input_checked" text="Выбран при старте" def="no" x="10" y="42" w="2400" h="13"/>
			</page>
		</param>
		<param type="label" text="Имя переменной" x="10" y="94" w="120" h="13"/>
		<param type="edit" id="input_id" text="" def="radio_var" x="130" y="92" w="120" h="13"/>
		<param type="label" text="Область действия переменной" x="10" y="110" w="120" h="13"/>
		<param type="select" id="var_scope" text="" def="slide" x="130" y="108" w="120" h="13">
			<items>
				<item id="slide" label="В пределах слайда"/>
				<item id="global" label="Весь модуль"/>
			</items>
		</param>
		<param type="check" id="restore" text="Восстанавливать значение" def="yes" x="10" y="124" w="240" h="13"/>
	</page>
	<page name="Вид" w="320" h="150">
		<param type="check" id="input_showtext" text="Показывать описание" def="yes" x="10" y="8" w="240" h="13">
			<events>
				<event name="check" target="fs_desc" action="show"/>
				<event name="uncheck" target="fs_desc" action="hide"/>
			</events>
		</param>
		<param type="fieldset" id="fs_desc">
			<param type="label" id="lab_input_margin" text="Отбивка текста" x="10" y="26" w="120" h="13"/>
			<param type="spinner" id="input_margin" text="" def="10" x="130" y="24" w="32" h="13" min="0" max="99"/>
			<param type="label" id="input_margin_label2" text="пкс" x="165" y="26" w="30" h="13"/>
			<param type="label" id="lab_input_where" text="Расположение описания" x="10" y="42" w="120" h="13"/>
			<param type="select" id="input_where" text="" def="right" x="130" y="40" w="120" h="13">
				<items>
					<item id="right" label="Справа"/>
					<item id="left" label="Слева"/>
				</items>
			</param>
			<param type="label" id="lab_margin" text="Между элементами" x="10" y="58" w="120" h="13"/>
			<param type="spinner" id="margin" text="" def="5" x="130" y="56" w="32" h="13" min="0" max="99"/>
			<param type="label" id="margin_label2" text="пкс" x="165" y="58" w="30" h="13"/>
		</param>
	</page>
    <page name="Звук" w="320" h="150">

		<param type="line" id="LINE_snd_1" text="" def="" x="5" y="8" w="310" h="48"/>
		<param type="line" id="LINE_snd_2" text="" def="" x="5" y="24" w="310" h="32"/>
		<param type="label" id="lab_snd_click" text="Нажатие мыши" def="" x="15" y="12" w="120" h="11"/>
		<param type="select" id="sound_click" text="" def="none" x="15" y="34" w="113" h="13">
			<items>
				<item id="none" label="Без звука">
					<events>
						<event name="selendok" target="sound_click_file_custom" action="disable"/>
					</events>
				</item>
				<item id="click1" label="Стандартный 1">
					<events>
						<event name="selendok" target="sound_click_file_custom" action="disable"/>
					</events>
				</item>
				<item id="click2" label="Стандартный 2">
					<events>
						<event name="selendok" target="sound_click_file_custom" action="disable"/>
					</events>
				</item>
				<item id="click3" label="Стандартный 3">
					<events>
						<event name="selendok" target="sound_click_file_custom" action="disable"/>
					</events>
				</item>
				<item id="click4" label="Стандартный 4">
					<events>
						<event name="selendok" target="sound_click_file_custom" action="disable"/>
					</events>
				</item>
				<item id="custom" label="По выбору">
					<events>
						<event name="selendok" target="sound_click_file_custom" action="enable"/>
					</events>
				</item>
			</items>
		</param>
		<param type="file" id="sound_click_file_custom" text="" def="" x="130" y="34" w="158" h="13" ext="Звуковые файлы (*.mp3;*.ogg;*.oga;*.webm;*.wav;*.swf)|*.mp3;*.ogg;*.oga;*.webm;*.wav;*.swf|MP3 (*.mp3)|*.mp3|OGG (*.oga;*.ogg)|*.ogg;*.oga;|WebM (*.webm)|*.webm|WAV (*.wav)|*.wav|Все файлы (*.*)|*.*|||"/>
    </page>
	<methods>
		<method name="Constructor" label="_Constructor" access="private">
            <params>
            </params>
            <body>
			<![CDATA[function Constructor(argobj)
			{
				var oCurObj = CLO[argobj.pid];
				var jCurObjDiv = $(oCurObj.div);
				var bDefer = false; 
				switch(oCurObj.display)
				{
					case "none":
					{
						bDefer = true;
						CL.Event.Subscribe({ aList: [ { sId: argobj.pid, sEvtName: "EVENT_OBJECT_SHOW" } ] });
						break;
					}
					case "time":
					case "frame":
					case "slide":
					{
						if(oCurObj.iBegin!=null && +oCurObj.iBegin!=0)
						{
							bDefer = true;
							CL.Event.Subscribe({ aList: [ { sId: argobj.pid, sEvtName: "EVENT_OBJECT_SHOW" } ] });
						}
						break;
					}
				}
				var jxItems = oCurObj.jxParams.find("valuelist > item");
				var sValue = "";
				for(var i=1; i<=jxItems.length; i++)
				{
					if($(jxItems[i-1]).children("input_checked").text()=="yes")
					{
						$("#" + argobj.pid + "_FLD_" + i).prop("checked", true);
						sValue = $("#" + argobj.pid + "_FLD_" + i).val();
						break;
					}
				}
				var sVarName = oCurObj.jxParams.children("input_id").text();
				if(sVarName=="") sVarName = "radio_var";
				var jFld = $(CLO[argobj.pid].div).find(".cl-fld");
				jFld.click(function (e) { CLO[argobj.pid].CallMethod({ sMethod: "UIEvent", oMethodArgs: { evt: e, elem: this } }); });
				CLO[argobj.pid].data =
				{
					sVarName: sVarName,
					sCurrentValue: sValue,
					bGlobal: (oCurObj.jxParams.children("var_scope").text()=="global"),
					bCreated: true,
					bRestore: (oCurObj.jxParams.children("restore").text()=="yes"),
					sSoundClick: oCurObj.jxParams.children("sound_click").text()
				};
				if(oCurObj.data.sSoundClick=="custom")
				{
					oCurObj.data.sSoundClickFile = oCurObj.jxParams.children("sound_click_file_custom").text();
				}
				if(oCurObj.data.bRestore)
				{
					if(CLZ.oStore[argobj.pid]==null)
					{
						CLZ.oStore[argobj.pid] = [ oCurObj.data.sCurrentValue ];
					}
					else
					{
						if(CLZ.oStore[argobj.pid][0]!=null)
						{
							oCurObj.data.sCurrentValue = CLZ.oStore[argobj.pid][0];
							var jFlds = jCurObjDiv.find(".cl-fld");
							for(var i=1; i<=jFlds.length; i++)
							{
								if($(jFlds[i-1]).val()==oCurObj.data.sCurrentValue)
								{
									$(jFlds[i-1]).prop("checked", true);
									break;
								}
							}
							
						}
					}
				}
				if(CLO[argobj.pid].data.bGlobal)
				{
					CLV.oGlobal[CLO[argobj.pid].data.sVarName] = CLO[argobj.pid].data.sCurrentValue;
				}
				else
				{
					CLV.oSlide[CLO[argobj.pid].data.sVarName] = CLO[argobj.pid].data.sCurrentValue;
				}
				if(!bDefer)
				{
					oCurObj.CallMethod({ sMethod: "Display" });
				}
				else
				{
					jCurObjDiv.find(".cl-container:first").hide();
				}				
				return true;
			}]]>
			</body>
		</method>
		<method name="HandleEvt" label="_HandleEvt" access="private">
            <params>
            </params>
            <body>
			<![CDATA[function HandleEvt(argobj)
			{
				if(CLO[argobj.pid]==null || CLO[argobj.pid].div==null) return false; 
				switch(argobj.evt)
				{
					case "EVENT_OBJECT_SHOW":
					{
						if(!CLO[argobj.pid].data.bCreated) return false;
						CLO[argobj.pid].CallMethod({ sMethod: "Display" });
						break;
					}
				}
				return true;
			}]]>
			</body>
		</method>
		<method name="Display" label="_Display" access="private">
			<params>
			</params>
			<body>
			<![CDATA[function Display(argobj)
			{
				var oCurObj = CLO[argobj.pid];
				var jCurObjDiv = $(oCurObj.div);
				oCurObj.FireEvent({ sName: "onStartDisplay" });
				jCurObjDiv.find(".cl-container:first").show();
				return true;
			}]]>
			</body>
		</method>
		<method name="UIEvent" label="_UIEvent" access="private">
			<params>
			</params>
			<body>
			<![CDATA[function UIEvent(argobj)
			{
				var oCurObj = CLO[argobj.pid];
				var jFld = $(argobj.elem);
				if(jFld.hasClass("cl-fld"))
				{
					if(jFld.is(":disabled")) return false;
					switch(argobj.evt.type)
					{
						case "click":
						{
							var jFlds = $(CLO[argobj.pid].div).find(".cl-fld");
							var sValue = "";
							for(var i=1; i<=jFlds.length; i++)
							{
								if($(jFlds[i-1]).is(":checked"))
								{
									sValue = $(jFlds[i-1]).val();
									break;
								}
							}
							CLO[argobj.pid].data.sCurrentValue = sValue;
							if(CLO[argobj.pid].data.bGlobal)
							{
								CLV.oGlobal[CLO[argobj.pid].data.sVarName] = sValue;
							}
							else
							{
								CLV.oSlide[CLO[argobj.pid].data.sVarName] = sValue;
							}
							if(oCurObj.data.bRestore)
							{
								CLZ.oStore[argobj.pid][0] = sValue;
							}
							CL.Sound.Stop({ sId: argobj.pid, sEvent: "click" });
							if(oCurObj.data.sSoundClick!="none")
							{
								CL.Sound.Play({ sId: argobj.pid, sEvent: "click", sType: oCurObj.data.sSoundClick, sFile: oCurObj.data.sSoundClickFile })
							}
							CLO[argobj.pid].FireEvent({ sName: "onChangeValue" });
							break;
						}
					}
				}
				return true;
			}]]>
			</body>
		</method>
		<method name="DisableInput" label="ЗАПРЕТИТЬ" access="public">
            <params>
            </params>
            <body>
                <![CDATA[function DisableInput(argobj)
                {
                    $(CLO[argobj.pid].div).find(".cl-fld").prop("disabled", true);
					CLO[argobj.pid].FireEvent({ sName: "onDisable" });
					return true;
				}]]>
			</body>
		</method>
		<method name="EnableInput" label="РАЗРЕШИТЬ" access="public">
            <params>
            </params>
            <body>
                <![CDATA[function EnableInput(argobj)
                {
                    $(CLO[argobj.pid].div).find(".cl-fld").prop("disabled", false);
					CLO[argobj.pid].FireEvent({ sName: "onEnable" });
					return true;
				}]]>
			</body>
		</method>
		<method name="GetProperty" label="_GetProperty" access="private">
			<params>
			</params>
			<body>
				<![CDATA[function GetProperty(argobj)
				{
					if(argobj.pid==null || argobj.property==null) return false;
					var jFld = $("#" + argobj.pid + "_FLD");
					if(jFld.length>0)
					{
						switch(argobj.property.toLowerCase())
						{
							case "disabled":
							{
								return ($(jFld[0]).is(":disabled") ? "1" : "0");
							}
							case "value":
							{
								return CLO[argobj.pid].data.sCurrentValue;
							}
						}
					}
					return "";
				}]]>
			</body>
		</method>
	</methods>
</params>