<?xml version="1.0" encoding="UTF-8"?><events>
	<event>
		<name>onDisplayItem</name>
		<label>Начало показа элемента</label>
		<group>Объект - собственные</group>
	</event>
	<event>
		<name>onFirstItem</name>
		<label>Начало показа первого элемента</label>
		<group>Объект - собственные</group>
	</event>
	<event>
		<name>onLastItem</name>
		<label>Начало показа последнего элемента</label>
		<group>Объект - собственные</group>
	</event>
	<event>
		<name>onFinishDisplayItem</name>
		<label>Элемент показан</label>
		<group>Объект - собственные</group>
	</event>
	<event>
		<name>onAllDisplayed</name>
		<label>Все элементы показаны</label>
		<group>Объект - собственные</group>
	</event>
</events>